,round,home_team,away_team,utc_time,full_time_home_team_goals,full_time_away_team_goals,full_time_result,half_time_home_team_goals,half_time_away_team_goals,half_time_result,home_team_shots,away_team_shots,home_team_shots_on_target,away_team_shots_on_target,home_team_fouls_committed,away_team_fouls_committed,home_team_corners,away_team_corners,home_team_yellow_cards,away_team_yellow_cards,home_team_red_cards,away_team_red_cards
0,1,Almeria,Rayo Vallecano,2023-08-11 17:30:00+00:00,0,2,A,0,2,A,19,10,5,4,16,25,8,3,1,3,0,0
1,1,Sevilla,Valencia,2023-08-11 20:00:00+00:00,1,2,A,0,0,D,9,10,3,3,15,17,8,1,3,2,1,0
2,1,Real Sociedad,Girona,2023-08-12 15:00:00+00:00,1,1,D,1,0,H,15,6,2,1,22,9,4,1,2,5,0,0
3,1,Las Palmas,Mallorca,2023-08-12 17:30:00+00:00,1,1,D,1,0,H,5,12,2,2,11,21,3,6,3,2,0,0
4,1,Athletic Club,Real Madrid,2023-08-12 19:30:00+00:00,0,2,A,0,2,A,7,14,1,8,18,6,7,5,3,1,0,0
5,1,Celta Vigo,Osasuna,2023-08-13 15:00:00+00:00,0,2,A,0,1,A,11,11,1,5,11,15,7,2,1,1,0,0
6,1,Villarreal,Real Betis,2023-08-13 17:30:00+00:00,1,2,A,0,1,A,18,12,5,5,13,17,9,4,1,3,0,0
7,1,Getafe,Barcelona,2023-08-13 19:30:00+00:00,0,0,D,0,0,D,5,14,2,4,20,11,3,4,8,2,1,1
8,1,Cadiz,Deportivo Alaves,2023-08-14 17:30:00+00:00,1,0,H,1,0,H,12,10,3,2,19,15,2,4,3,2,1,0
9,1,Atletico Madrid,Granada,2023-08-14 19:30:00+00:00,3,1,H,1,0,H,14,7,6,4,15,9,3,3,3,1,0,0
10,2,Mallorca,Villarreal,2023-08-18 17:30:00+00:00,0,1,A,0,0,D,8,15,1,3,12,11,6,5,2,4,0,0
11,2,Valencia,Las Palmas,2023-08-18 19:30:00+00:00,1,0,H,0,0,D,9,7,4,1,12,6,6,4,0,0,0,0
12,2,Real Sociedad,Celta Vigo,2023-08-19 15:00:00+00:00,1,1,D,1,0,H,11,17,2,6,12,12,9,7,2,1,0,0
13,2,Almeria,Real Madrid,2023-08-19 17:30:00+00:00,1,3,A,1,1,D,20,24,8,9,10,13,4,5,1,0,0,0
14,2,Osasuna,Athletic Club,2023-08-19 19:30:00+00:00,0,2,A,0,2,A,18,8,7,2,9,14,5,3,1,5,1,1
15,2,Girona,Getafe,2023-08-20 17:00:00+00:00,3,0,H,1,0,H,7,9,6,2,11,20,3,2,2,5,0,0
16,2,Barcelona,Cadiz,2023-08-20 17:30:00+00:00,2,0,H,0,0,D,23,10,10,1,9,22,10,2,4,3,0,0
17,2,Real Betis,Atletico Madrid,2023-08-20 19:30:00+00:00,0,0,D,0,0,D,14,5,0,1,10,8,2,7,2,1,0,0
18,2,Deportivo Alaves,Sevilla,2023-08-21 17:00:00+00:00,4,3,H,2,2,D,14,12,7,2,14,13,4,4,1,2,0,0
19,2,Granada,Rayo Vallecano,2023-08-21 19:30:00+00:00,0,2,A,0,0,D,14,17,7,9,14,11,5,6,2,1,1,0
20,3,Las Palmas,Real Sociedad,2023-08-25 17:30:00+00:00,0,0,D,0,0,D,11,8,5,1,7,29,5,7,1,4,0,0
21,3,Celta Vigo,Real Madrid,2023-08-25 19:30:00+00:00,0,1,A,0,0,D,13,10,4,3,19,14,3,5,2,3,0,0
22,3,Cadiz,Almeria,2023-08-26 17:00:00+00:00,1,1,D,0,0,D,11,5,3,2,16,22,7,3,0,5,1,1
23,3,Granada,Mallorca,2023-08-26 17:30:00+00:00,3,2,H,1,1,D,10,10,4,5,11,27,5,3,2,7,0,0
24,3,Sevilla,Girona,2023-08-26 19:30:00+00:00,1,2,A,1,1,D,21,8,4,3,11,18,6,6,2,1,0,0
25,3,Villarreal,Barcelona,2023-08-27 15:30:00+00:00,3,4,A,2,2,D,13,21,6,11,12,14,2,6,3,3,0,0
26,3,Valencia,Osasuna,2023-08-27 17:30:00+00:00,1,2,A,0,1,A,16,7,4,2,13,12,6,3,3,4,0,0
27,3,Athletic Club,Real Betis,2023-08-27 19:30:00+00:00,4,2,H,3,2,H,14,7,6,3,23,11,5,3,4,2,0,0
28,3,Getafe,Deportivo Alaves,2023-08-28 17:30:00+00:00,1,0,H,0,0,D,15,16,4,2,13,15,4,5,1,2,0,0
29,3,Rayo Vallecano,Atletico Madrid,2023-08-28 19:30:00+00:00,0,7,A,0,3,A,12,17,3,10,19,17,8,3,4,3,0,0
30,4,Cadiz,Villarreal,2023-09-01 17:30:00+00:00,3,1,H,2,1,H,18,7,4,3,21,15,7,3,5,4,0,1
31,4,Almeria,Celta Vigo,2023-09-01 20:00:00+00:00,2,3,A,0,2,A,16,14,5,8,9,9,6,5,1,1,0,0
32,4,Real Sociedad,Granada,2023-09-02 12:00:00+00:00,5,3,H,2,1,H,15,8,6,5,15,14,2,5,1,5,0,0
33,4,Real Madrid,Getafe,2023-09-02 14:15:00+00:00,2,1,H,0,1,A,26,6,12,2,12,16,11,1,2,6,0,0
34,4,Deportivo Alaves,Valencia,2023-09-02 16:30:00+00:00,1,0,H,1,0,H,7,9,1,4,18,9,1,2,4,2,0,0
35,4,Real Betis,Rayo Vallecano,2023-09-02 19:00:00+00:00,1,0,H,0,0,D,14,15,5,6,22,20,2,3,3,5,0,0
36,4,Girona,Las Palmas,2023-09-03 12:00:00+00:00,1,0,H,0,0,D,11,10,6,5,15,10,3,5,3,3,0,0
37,4,Mallorca,Athletic Club,2023-09-03 14:15:00+00:00,0,0,D,0,0,D,8,11,2,3,12,17,3,5,0,1,0,0
38,4,Osasuna,Barcelona,2023-09-03 19:00:00+00:00,1,2,A,0,1,A,11,9,3,4,6,16,8,5,1,3,1,0
39,5,Rayo Vallecano,Deportivo Alaves,2023-09-15 19:00:00+00:00,2,0,H,1,0,H,20,9,11,1,15,14,5,3,2,3,0,0
40,5,Athletic Club,Cadiz,2023-09-16 12:00:00+00:00,3,0,H,0,0,D,20,5,9,4,10,20,5,4,1,4,0,0
41,5,Valencia,Atletico Madrid,2023-09-16 14:15:00+00:00,3,0,H,2,0,H,12,11,8,3,13,17,5,8,1,5,0,0
42,5,Celta Vigo,Mallorca,2023-09-16 16:30:00+00:00,0,1,A,0,0,D,16,7,4,4,9,15,10,1,1,3,0,0
43,5,Barcelona,Real Betis,2023-09-16 19:00:00+00:00,5,0,H,2,0,H,17,11,9,2,9,10,9,5,1,2,0,0
44,5,Getafe,Osasuna,2023-09-17 12:00:00+00:00,3,2,H,1,1,D,11,8,6,3,15,11,6,3,6,2,0,0
45,5,Villarreal,Almeria,2023-09-17 14:15:00+00:00,2,1,H,1,1,D,10,17,4,7,16,6,7,6,2,3,0,0
46,5,Sevilla,Las Palmas,2023-09-17 16:30:00+00:00,1,0,H,0,0,D,26,12,9,2,13,12,7,3,3,5,0,0
47,5,Real Madrid,Real Sociedad,2023-09-17 19:00:00+00:00,2,1,H,0,1,A,17,15,8,5,11,14,4,3,3,2,0,0
48,5,Granada,Girona,2023-09-18 19:00:00+00:00,2,4,A,0,3,A,12,13,5,7,13,21,4,5,3,3,0,0
49,6,Deportivo Alaves,Athletic Club,2023-09-22 19:00:00+00:00,0,2,A,0,1,A,15,11,5,3,13,9,3,4,2,2,0,0
50,6,Girona,Mallorca,2023-09-23 12:00:00+00:00,5,3,H,4,1,H,23,15,10,5,10,12,6,5,1,5,0,0
51,6,Osasuna,Sevilla,2023-09-23 14:15:00+00:00,0,0,D,0,0,D,16,15,2,3,11,7,7,4,2,3,0,0
52,6,Barcelona,Celta Vigo,2023-09-23 16:30:00+00:00,3,2,H,0,1,A,15,13,6,7,10,11,2,3,2,1,0,0
53,6,Almeria,Valencia,2023-09-23 19:00:00+00:00,2,2,D,0,1,A,17,7,10,5,12,10,8,3,4,2,0,0
54,6,Real Sociedad,Getafe,2023-09-24 12:00:00+00:00,4,3,H,1,2,A,10,10,6,7,13,24,2,1,3,2,0,0
55,6,Rayo Vallecano,Villarreal,2023-09-24 14:15:00+00:00,1,1,D,1,1,D,11,13,6,6,20,18,2,8,2,3,0,1
56,6,Las Palmas,Granada,2023-09-24 16:30:00+00:00,1,1,D,0,1,A,21,5,7,1,10,14,11,8,2,3,0,0
57,6,Real Betis,Cadiz,2023-09-24 16:30:00+00:00,1,0,H,0,0,D,10,2,3,1,13,19,6,7,6,4,1,0
58,6,Atletico Madrid,Real Madrid,2023-09-24 19:00:00+00:00,3,1,H,2,1,H,10,20,4,5,13,10,6,11,1,3,0,0
59,7,Sevilla,Almeria,2023-09-26 17:00:00+00:00,5,1,H,3,0,H,18,10,9,1,15,16,9,4,3,2,0,0
60,7,Mallorca,Barcelona,2023-09-26 19:30:00+00:00,2,2,D,2,1,H,10,10,5,4,19,7,7,2,4,1,1,0
61,7,Athletic Club,Getafe,2023-09-27 17:00:00+00:00,2,2,D,1,0,H,9,13,4,5,9,19,5,4,5,6,1,0
62,7,Real Madrid,Las Palmas,2023-09-27 17:00:00+00:00,2,0,H,1,0,H,21,16,9,2,7,9,7,2,0,1,0,0
63,7,Villarreal,Girona,2023-09-27 17:00:00+00:00,1,2,A,0,0,D,14,17,3,5,9,11,5,6,3,2,0,0
64,7,Cadiz,Rayo Vallecano,2023-09-27 19:30:00+00:00,0,0,D,0,0,D,9,9,2,4,16,13,1,2,5,6,0,1
65,7,Valencia,Real Sociedad,2023-09-27 19:30:00+00:00,0,1,A,0,1,A,9,2,2,1,14,17,0,2,4,7,1,0
66,7,Celta Vigo,Deportivo Alaves,2023-09-28 17:00:00+00:00,1,1,D,1,0,H,8,21,0,11,9,11,2,8,5,3,1,0
67,7,Granada,Real Betis,2023-09-28 17:00:00+00:00,1,1,D,0,0,D,19,13,7,3,14,10,5,7,2,1,0,0
68,7,Osasuna,Atletico Madrid,2023-09-28 19:30:00+00:00,0,2,A,0,1,A,13,4,2,3,14,4,7,2,3,3,1,1
69,8,Barcelona,Sevilla,2023-09-29 19:00:00+00:00,1,0,H,0,0,D,18,12,5,3,11,15,13,3,2,3,0,0
70,8,Getafe,Villarreal,2023-09-30 12:00:00+00:00,0,0,D,0,0,D,22,3,9,0,19,11,6,4,2,4,0,1
71,8,Rayo Vallecano,Mallorca,2023-09-30 14:15:00+00:00,2,2,D,1,1,D,19,9,5,4,12,20,5,0,2,5,0,0
72,8,Girona,Real Madrid,2023-09-30 16:30:00+00:00,0,3,A,0,2,A,13,14,3,7,13,14,1,4,2,2,0,1
73,8,Real Sociedad,Athletic Club,2023-09-30 19:00:00+00:00,3,0,H,1,0,H,8,18,5,3,20,9,5,7,2,2,0,0
74,8,Almeria,Granada,2023-10-01 12:00:00+00:00,3,3,D,3,0,H,17,19,5,4,18,14,1,5,2,1,0,0
75,8,Deportivo Alaves,Osasuna,2023-10-01 14:15:00+00:00,0,2,A,0,1,A,17,10,3,3,13,13,4,2,2,3,1,0
76,8,Atletico Madrid,Cadiz,2023-10-01 19:00:00+00:00,3,2,H,1,2,A,18,8,9,4,5,10,5,3,1,3,0,0
77,8,Real Betis,Valencia,2023-10-01 19:00:00+00:00,3,0,H,1,0,H,15,9,7,2,11,10,5,3,2,2,0,0
78,8,Las Palmas,Celta Vigo,2023-10-02 19:00:00+00:00,2,1,H,0,0,D,16,11,5,3,13,14,4,5,2,1,0,0
79,9,Athletic Club,Almeria,2023-10-06 19:00:00+00:00,3,0,H,1,0,H,23,4,9,1,11,7,6,2,2,0,0,0
80,9,Cadiz,Girona,2023-10-07 12:00:00+00:00,0,1,A,0,0,D,8,20,2,5,12,13,5,5,1,3,1,0
81,9,Real Madrid,Osasuna,2023-10-07 14:15:00+00:00,4,0,H,1,0,H,19,7,9,1,9,6,5,4,2,2,0,0
82,9,Mallorca,Valencia,2023-10-07 16:30:00+00:00,1,1,D,1,1,D,9,11,5,3,17,11,3,6,2,1,0,0
83,9,Sevilla,Rayo Vallecano,2023-10-07 19:00:00+00:00,2,2,D,0,2,A,22,7,6,4,16,19,12,2,5,2,0,0
84,9,Villarreal,Las Palmas,2023-10-08 12:00:00+00:00,1,2,A,0,1,A,9,8,4,5,17,7,7,2,4,4,0,0
85,9,Atletico Madrid,Real Sociedad,2023-10-08 14:15:00+00:00,2,1,H,1,0,H,14,13,5,4,9,12,1,4,3,3,0,0
86,9,Celta Vigo,Getafe,2023-10-08 16:30:00+00:00,1,1,D,1,1,D,15,6,5,2,13,9,5,3,3,3,0,1
87,9,Deportivo Alaves,Real Betis,2023-10-08 16:30:00+00:00,2,2,D,2,2,D,26,3,11,2,14,20,13,1,1,8,0,1
88,9,Granada,Barcelona,2023-10-08 19:00:00+00:00,2,2,D,2,1,H,7,22,2,10,12,7,1,11,4,1,0,0
89,10,Osasuna,Granada,2023-10-20 19:00:00+00:00,2,0,H,1,0,H,12,13,6,3,19,13,1,7,3,4,0,1
90,10,Real Sociedad,Mallorca,2023-10-21 12:00:00+00:00,1,0,H,0,0,D,14,18,6,7,14,16,2,5,3,3,0,0
91,10,Getafe,Real Betis,2023-10-21 14:15:00+00:00,1,1,D,1,1,D,14,13,4,3,17,11,4,8,5,2,0,0
92,10,Sevilla,Real Madrid,2023-10-21 16:30:00+00:00,1,1,D,0,0,D,17,14,7,5,13,6,4,6,5,2,0,0
93,10,Celta Vigo,Atletico Madrid,2023-10-21 19:00:00+00:00,0,3,A,0,1,A,16,12,3,7,10,10,7,5,3,2,1,0
94,10,Las Palmas,Rayo Vallecano,2023-10-22 12:00:00+00:00,0,1,A,0,0,D,12,12,6,4,13,11,10,5,4,3,0,1
95,10,Girona,Almeria,2023-10-22 14:15:00+00:00,5,2,H,3,2,H,19,9,8,5,11,14,9,6,1,2,0,0
96,10,Villarreal,Deportivo Alaves,2023-10-22 16:30:00+00:00,1,1,D,0,0,D,12,16,3,7,15,10,9,3,4,3,0,0
97,10,Barcelona,Athletic Club,2023-10-22 19:00:00+00:00,1,0,H,0,0,D,12,10,7,3,11,18,4,7,3,3,0,0
98,10,Valencia,Cadiz,2023-10-23 19:00:00+00:00,2,0,H,2,0,H,12,5,4,4,16,16,4,6,0,3,0,1
99,11,Girona,Celta Vigo,2023-10-27 19:00:00+00:00,1,0,H,0,0,D,12,4,2,2,15,12,10,1,3,2,0,0
100,11,Almeria,Las Palmas,2023-10-28 12:00:00+00:00,1,2,A,0,1,A,10,10,4,3,13,19,3,2,3,1,0,0
101,11,Barcelona,Real Madrid,2023-10-28 14:15:00+00:00,1,2,A,1,0,H,15,13,3,4,15,15,6,3,2,1,0,0
102,11,Mallorca,Getafe,2023-10-28 16:30:00+00:00,0,0,D,0,0,D,15,8,4,0,10,25,8,3,0,1,0,0
103,11,Cadiz,Sevilla,2023-10-28 19:00:00+00:00,2,2,D,2,1,H,10,20,5,10,17,12,2,4,6,4,0,0
104,11,Real Betis,Osasuna,2023-10-29 13:00:00+00:00,2,1,H,1,0,H,9,7,2,1,10,25,6,3,3,4,0,0
105,11,Rayo Vallecano,Real Sociedad,2023-10-29 15:15:00+00:00,2,2,D,1,1,D,16,15,7,3,17,16,4,5,3,2,0,0
106,11,Athletic Club,Valencia,2023-10-29 17:30:00+00:00,2,2,D,1,0,H,12,11,7,5,11,10,10,4,3,1,0,0
107,11,Atletico Madrid,Deportivo Alaves,2023-10-29 20:00:00+00:00,2,1,H,2,0,H,11,8,7,1,10,11,4,4,3,2,0,0
108,11,Granada,Villarreal,2023-10-30 20:00:00+00:00,2,3,A,2,3,A,18,6,8,5,14,15,4,1,0,4,0,0
109,12,Las Palmas,Atletico Madrid,2023-11-03 20:00:00+00:00,2,1,H,0,0,D,9,13,3,5,12,9,3,4,0,3,0,0
110,12,Osasuna,Girona,2023-11-04 13:00:00+00:00,2,4,A,1,1,D,15,11,3,4,14,10,2,7,5,3,0,0
111,12,Real Betis,Mallorca,2023-11-04 15:15:00+00:00,2,0,H,1,0,H,22,8,3,1,13,16,6,1,1,4,0,1
112,12,Celta Vigo,Sevilla,2023-11-04 17:30:00+00:00,1,1,D,1,0,H,15,13,3,5,14,10,4,6,2,5,1,0
113,12,Real Sociedad,Barcelona,2023-11-04 20:00:00+00:00,0,1,A,0,0,D,13,12,6,4,16,8,8,3,3,3,0,0
114,12,Deportivo Alaves,Almeria,2023-11-05 13:00:00+00:00,1,0,H,0,0,D,23,9,3,3,13,14,12,6,2,3,0,0
115,12,Valencia,Granada,2023-11-05 15:15:00+00:00,1,0,H,1,0,H,11,6,2,1,20,15,0,4,3,5,0,0
116,12,Villarreal,Athletic Club,2023-11-05 17:30:00+00:00,2,3,A,0,3,A,17,17,6,7,11,18,9,3,4,4,0,0
117,12,Real Madrid,Rayo Vallecano,2023-11-05 20:00:00+00:00,0,0,D,0,0,D,22,4,5,0,12,15,11,1,3,5,0,0
118,12,Getafe,Cadiz,2023-11-06 20:00:00+00:00,1,0,H,0,0,D,13,6,3,2,18,12,6,3,7,1,1,0
119,13,Athletic Club,Celta Vigo,2023-11-10 20:00:00+00:00,4,3,H,2,2,D,21,13,12,5,15,13,7,2,2,2,0,0
120,13,Rayo Vallecano,Girona,2023-11-11 13:00:00+00:00,1,2,A,1,1,D,22,19,9,7,15,13,8,3,1,2,0,0
121,13,Almeria,Real Sociedad,2023-11-11 15:15:00+00:00,1,3,A,0,0,D,7,18,2,6,18,19,5,5,2,2,0,0
122,13,Granada,Getafe,2023-11-11 17:30:00+00:00,1,1,D,1,1,D,12,10,6,6,14,9,3,5,4,2,0,0
123,13,Osasuna,Las Palmas,2023-11-11 17:30:00+00:00,1,1,D,0,0,D,11,6,3,1,25,10,8,3,1,1,0,0
124,13,Real Madrid,Valencia,2023-11-11 20:00:00+00:00,5,1,H,2,0,H,16,10,7,4,7,26,4,4,1,3,0,0
125,13,Barcelona,Deportivo Alaves,2023-11-12 15:15:00+00:00,2,1,H,0,1,A,11,8,6,1,11,10,2,1,2,1,0,0
126,13,Sevilla,Real Betis,2023-11-12 17:30:00+00:00,1,1,D,0,0,D,13,14,4,6,18,14,9,5,1,1,0,0
127,13,Atletico Madrid,Villarreal,2023-11-12 20:00:00+00:00,3,1,H,1,1,D,25,11,10,7,8,8,6,3,0,2,0,0
128,14,Deportivo Alaves,Granada,2023-11-24 20:00:00+00:00,3,1,H,2,0,H,8,11,5,4,10,13,6,2,1,3,0,0
129,14,Rayo Vallecano,Barcelona,2023-11-25 13:00:00+00:00,1,1,D,1,0,H,10,15,4,4,23,13,1,4,3,4,0,0
130,14,Valencia,Celta Vigo,2023-11-25 15:15:00+00:00,0,0,D,0,0,D,8,13,0,1,13,7,5,7,3,2,0,0
131,14,Getafe,Almeria,2023-11-25 17:30:00+00:00,2,1,H,2,1,H,18,13,5,4,12,8,3,6,2,4,0,0
132,14,Atletico Madrid,Mallorca,2023-11-25 20:00:00+00:00,1,0,H,0,0,D,20,8,3,1,8,19,7,3,0,0,0,0
133,14,Villarreal,Osasuna,2023-11-26 13:00:00+00:00,3,1,H,0,0,D,10,15,3,7,9,14,2,4,0,0,0,0
134,14,Real Sociedad,Sevilla,2023-11-26 15:15:00+00:00,2,1,H,2,0,H,11,8,8,2,22,8,4,4,2,1,0,2
135,14,Cadiz,Real Madrid,2023-11-26 17:30:00+00:00,0,3,A,0,1,A,13,14,4,5,16,16,4,4,3,3,0,0
136,14,Real Betis,Las Palmas,2023-11-26 20:00:00+00:00,1,0,H,1,0,H,12,15,6,4,7,12,7,6,1,2,0,0
137,14,Girona,Athletic Club,2023-11-27 20:00:00+00:00,1,1,D,0,0,D,12,13,2,6,8,16,2,6,1,1,0,0
138,13,Mallorca,Cadiz,2023-11-29 20:00:00+00:00,1,1,D,1,1,D,16,6,3,3,14,18,7,0,2,3,0,0
139,15,Las Palmas,Getafe,2023-12-01 20:00:00+00:00,2,0,H,1,0,H,11,12,6,4,11,9,4,4,0,5,0,1
140,15,Girona,Valencia,2023-12-02 13:00:00+00:00,2,1,H,0,0,D,9,9,5,3,6,7,3,2,2,3,0,0
141,15,Athletic Club,Rayo Vallecano,2023-12-02 15:15:00+00:00,4,0,H,1,0,H,9,11,4,3,15,11,7,2,1,2,0,0
142,15,Real Madrid,Granada,2023-12-02 17:30:00+00:00,2,0,H,1,0,H,11,1,4,0,10,12,6,0,2,1,0,0
143,15,Osasuna,Real Sociedad,2023-12-02 20:00:00+00:00,1,1,D,1,1,D,9,17,3,5,12,10,1,8,3,3,0,0
144,15,Mallorca,Deportivo Alaves,2023-12-03 13:00:00+00:00,0,0,D,0,0,D,7,7,3,4,16,15,5,4,4,2,0,0
145,15,Almeria,Real Betis,2023-12-03 15:15:00+00:00,0,0,D,0,0,D,20,6,8,2,12,8,4,6,0,3,0,1
146,15,Sevilla,Villarreal,2023-12-03 17:30:00+00:00,1,1,D,0,0,D,18,5,4,4,6,16,8,4,3,2,0,0
147,15,Barcelona,Atletico Madrid,2023-12-03 20:00:00+00:00,1,0,H,1,0,H,13,9,2,4,17,12,7,2,5,4,0,0
148,15,Celta Vigo,Cadiz,2023-12-04 20:00:00+00:00,1,1,D,0,1,A,26,2,7,1,14,18,12,1,1,6,0,1
149,16,Getafe,Valencia,2023-12-08 20:00:00+00:00,1,0,H,0,0,D,8,3,6,0,15,14,7,0,2,4,1,2
150,16,Deportivo Alaves,Las Palmas,2023-12-09 13:00:00+00:00,0,1,A,0,1,A,19,9,5,2,13,13,12,3,3,4,0,0
151,16,Real Betis,Real Madrid,2023-12-09 15:15:00+00:00,1,1,D,0,0,D,14,12,6,2,14,7,8,6,2,1,0,0
152,16,Villarreal,Real Sociedad,2023-12-09 17:30:00+00:00,0,3,A,0,3,A,20,16,4,5,10,22,5,3,2,1,0,0
153,16,Mallorca,Sevilla,2023-12-09 20:00:00+00:00,1,0,H,1,0,H,6,19,3,5,15,6,4,12,2,2,0,0
154,16,Atletico Madrid,Almeria,2023-12-10 13:00:00+00:00,2,1,H,2,0,H,13,19,4,5,13,11,3,15,1,0,0,0
155,16,Cadiz,Osasuna,2023-12-10 17:30:00+00:00,1,1,D,1,0,H,12,13,5,5,15,16,2,4,1,2,0,0
156,16,Barcelona,Girona,2023-12-10 20:00:00+00:00,2,4,A,1,2,A,31,15,11,7,7,10,8,3,1,2,0,0
157,16,Granada,Athletic Club,2023-12-11 20:00:00+00:00,1,1,D,0,1,A,7,19,4,4,9,11,1,8,0,2,0,0
158,16,Rayo Vallecano,Celta Vigo,2023-12-11 20:00:00+00:00,0,0,D,0,0,D,17,4,4,2,15,10,8,1,3,0,0,0
159,17,Osasuna,Rayo Vallecano,2023-12-15 20:00:00+00:00,1,0,H,0,0,D,10,9,4,3,20,13,9,1,2,3,0,0
160,17,Celta Vigo,Granada,2023-12-16 13:00:00+00:00,1,0,H,1,0,H,11,7,4,2,20,18,7,1,6,2,1,0
161,17,Athletic Club,Atletico Madrid,2023-12-16 15:15:00+00:00,2,0,H,0,0,D,16,7,7,3,7,10,3,7,0,1,0,0
162,17,Sevilla,Getafe,2023-12-16 17:30:00+00:00,0,3,A,0,2,A,12,14,4,7,18,18,4,2,3,3,0,0
163,17,Valencia,Barcelona,2023-12-16 20:00:00+00:00,1,1,D,0,0,D,11,16,4,8,9,11,4,6,1,2,0,0
164,17,Almeria,Mallorca,2023-12-17 13:00:00+00:00,0,0,D,0,0,D,7,20,1,2,12,9,4,4,2,1,0,0
165,17,Real Sociedad,Real Betis,2023-12-17 15:15:00+00:00,0,0,D,0,0,D,12,12,4,3,12,12,3,7,3,4,0,0
166,17,Las Palmas,Cadiz,2023-12-17 17:30:00+00:00,1,1,D,1,0,H,7,13,2,5,9,12,4,6,1,3,0,0
167,17,Real Madrid,Villarreal,2023-12-17 20:00:00+00:00,4,1,H,2,0,H,22,3,9,1,14,12,11,0,2,3,0,0
168,17,Girona,Deportivo Alaves,2023-12-18 20:00:00+00:00,3,0,H,2,0,H,9,12,4,2,9,7,3,2,0,1,0,0
169,18,Rayo Vallecano,Valencia,2023-12-19 18:00:00+00:00,0,1,A,0,0,D,7,8,1,3,16,18,8,1,1,5,0,1
170,18,Atletico Madrid,Getafe,2023-12-19 20:30:00+00:00,3,3,D,1,0,H,8,29,4,9,7,14,1,12,3,3,1,0
171,18,Granada,Sevilla,2023-12-19 20:30:00+00:00,0,3,A,0,2,A,12,12,3,5,10,18,6,4,2,1,0,0
172,18,Barcelona,Almeria,2023-12-20 18:00:00+00:00,3,2,H,1,1,D,30,10,11,5,16,9,12,0,3,3,0,0
173,18,Athletic Club,Las Palmas,2023-12-20 20:30:00+00:00,1,0,H,0,0,D,19,5,10,1,12,11,5,2,1,3,0,0
174,18,Villarreal,Celta Vigo,2023-12-20 20:30:00+00:00,3,2,H,2,0,H,12,15,8,5,16,15,4,7,2,4,0,0
175,18,Cadiz,Real Sociedad,2023-12-21 18:00:00+00:00,1,1,D,0,1,A,21,12,4,4,6,9,7,6,2,2,0,0
176,18,Real Betis,Girona,2023-12-21 18:00:00+00:00,0,0,D,0,0,D,10,8,2,1,16,15,7,5,3,1,0,0
178,18,Mallorca,Osasuna,2023-12-21 20:30:00+00:00,3,2,H,1,1,D,15,12,8,7,11,12,6,0,3,1,0,0
177,18,Deportivo Alaves,Real Madrid,2023-12-21 20:30:00+00:00,0,1,A,0,0,D,8,9,2,4,18,13,3,3,3,1,0,1
179,4,Atletico Madrid,Sevilla,2023-12-23 15:15:00+00:00,1,0,H,0,0,D,12,8,4,2,12,19,6,5,7,3,1,0
180,19,Getafe,Rayo Vallecano,2024-01-02 16:00:00+00:00,0,2,A,0,1,A,5,12,0,8,16,16,2,3,6,3,2,0
181,19,Real Sociedad,Deportivo Alaves,2024-01-02 18:15:00+00:00,1,1,D,0,0,D,16,7,6,2,9,17,6,4,4,4,1,0
182,19,Valencia,Villarreal,2024-01-02 20:30:00+00:00,3,1,H,2,0,H,11,8,8,4,12,15,4,3,2,5,0,0
183,19,Granada,Cadiz,2024-01-03 16:00:00+00:00,2,0,H,1,0,H,15,15,8,2,17,16,5,6,3,4,0,1
184,19,Celta Vigo,Real Betis,2024-01-03 18:15:00+00:00,2,1,H,1,1,D,19,14,6,3,10,12,8,7,0,2,0,0
185,19,Real Madrid,Mallorca,2024-01-03 18:15:00+00:00,1,0,H,0,0,D,17,7,5,0,5,15,5,4,2,3,0,0
186,19,Girona,Atletico Madrid,2024-01-03 20:30:00+00:00,4,3,H,3,2,H,17,18,9,12,8,10,7,8,0,1,0,0
187,19,Osasuna,Almeria,2024-01-04 16:00:00+00:00,1,0,H,1,0,H,14,4,2,0,14,5,5,4,1,2,0,0
188,19,Sevilla,Athletic Club,2024-01-04 18:15:00+00:00,0,2,A,0,1,A,11,15,2,6,9,19,5,4,3,1,0,0
189,19,Las Palmas,Barcelona,2024-01-04 20:30:00+00:00,1,2,A,1,0,H,12,15,3,5,14,5,5,10,5,2,1,0
190,20,Sevilla,Deportivo Alaves,2024-01-12 20:00:00+00:00,2,3,A,0,2,A,19,16,4,8,12,13,5,4,4,3,0,0
191,20,Las Palmas,Villarreal,2024-01-13 13:05:00+00:00,3,0,H,1,0,H,8,17,3,3,13,11,4,6,4,3,0,0
192,20,Mallorca,Celta Vigo,2024-01-13 15:15:00+00:00,1,1,D,1,1,D,17,6,6,2,18,18,10,1,4,1,0,0
193,20,Athletic Club,Real Sociedad,2024-01-13 17:30:00+00:00,2,1,H,2,0,H,10,9,3,1,16,21,5,5,1,4,0,0
194,20,Real Betis,Granada,2024-01-13 20:00:00+00:00,1,0,H,0,0,D,25,6,6,2,11,17,13,1,3,4,0,0
195,20,Almeria,Girona,2024-01-14 13:00:00+00:00,0,0,D,0,0,D,20,5,3,1,13,8,4,3,4,4,0,1
196,20,Cadiz,Valencia,2024-01-14 15:15:00+00:00,1,4,A,1,1,D,10,9,2,5,15,15,3,1,4,2,0,0
197,21,Deportivo Alaves,Cadiz,2024-01-19 20:00:00+00:00,1,0,H,0,0,D,13,9,3,1,15,18,4,4,0,4,0,0
198,21,Rayo Vallecano,Las Palmas,2024-01-20 13:00:00+00:00,0,2,A,0,1,A,16,10,3,5,19,8,12,0,3,1,1,0
199,21,Villarreal,Mallorca,2024-01-20 15:15:00+00:00,1,1,D,1,0,H,18,8,5,2,13,11,4,6,2,2,1,0
200,21,Valencia,Athletic Club,2024-01-20 17:30:00+00:00,1,0,H,0,0,D,6,6,1,3,11,14,4,2,0,3,0,0
201,21,Celta Vigo,Real Sociedad,2024-01-20 20:00:00+00:00,0,1,A,0,1,A,6,6,2,2,12,18,6,3,1,2,0,0
202,21,Osasuna,Getafe,2024-01-21 13:00:00+00:00,3,2,H,2,0,H,13,10,7,7,14,16,1,4,4,4,0,0
203,21,Real Madrid,Almeria,2024-01-21 15:15:00+00:00,3,2,H,0,2,A,18,10,6,2,9,17,6,3,3,5,0,0
204,21,Real Betis,Barcelona,2024-01-21 17:30:00+00:00,2,4,A,0,1,A,14,11,5,4,12,9,3,4,1,2,0,0
205,21,Girona,Sevilla,2024-01-21 20:00:00+00:00,5,1,H,3,1,H,12,9,8,3,9,11,4,5,0,2,0,0
206,21,Granada,Atletico Madrid,2024-01-22 20:00:00+00:00,0,1,A,0,0,D,17,10,2,5,11,16,6,2,2,2,1,0
207,22,Almeria,Deportivo Alaves,2024-01-26 20:00:00+00:00,0,3,A,0,1,A,19,11,7,3,17,12,11,3,1,2,0,0
208,22,Real Sociedad,Rayo Vallecano,2024-01-27 13:00:00+00:00,0,0,D,0,0,D,6,5,3,0,16,14,2,2,2,4,0,0
209,22,Las Palmas,Real Madrid,2024-01-27 15:15:00+00:00,1,2,A,0,0,D,7,13,2,5,17,14,1,6,3,3,0,0
210,22,Barcelona,Villarreal,2024-01-27 17:30:00+00:00,3,5,A,0,1,A,22,9,10,6,8,13,10,0,3,4,0,0
211,22,Mallorca,Real Betis,2024-01-27 20:00:00+00:00,0,1,A,0,1,A,14,8,1,2,14,6,5,4,2,1,0,0
212,22,Celta Vigo,Girona,2024-01-28 13:00:00+00:00,0,1,A,0,1,A,10,15,5,6,13,11,5,7,1,1,0,0
213,22,Cadiz,Athletic Club,2024-01-28 15:15:00+00:00,0,0,D,0,0,D,9,8,2,0,13,14,6,8,4,2,0,0
214,22,Sevilla,Osasuna,2024-01-28 17:30:00+00:00,1,1,D,1,0,H,10,11,5,4,19,13,2,4,3,0,1,0
215,22,Atletico Madrid,Valencia,2024-01-28 20:00:00+00:00,2,0,H,1,0,H,12,10,8,3,9,9,3,6,2,0,0,0
216,22,Getafe,Granada,2024-01-29 20:00:00+00:00,2,0,H,2,0,H,7,16,4,3,17,11,4,3,2,1,0,0
217,20,Barcelona,Osasuna,2024-01-31 18:00:00+00:00,1,0,H,0,0,D,16,9,4,1,9,12,6,6,1,2,0,1
218,20,Atletico Madrid,Rayo Vallecano,2024-01-31 20:00:00+00:00,2,1,H,1,1,D,8,10,3,2,11,13,5,6,0,3,0,0
219,20,Getafe,Real Madrid,2024-02-01 20:00:00+00:00,0,2,A,0,1,A,10,16,2,9,16,5,2,6,1,2,0,0
220,23,Athletic Club,Mallorca,2024-02-02 20:00:00+00:00,4,0,H,2,0,H,13,6,6,2,17,15,6,2,0,1,0,0
221,23,Valencia,Almeria,2024-02-03 13:00:00+00:00,2,1,H,2,0,H,7,15,2,5,17,16,0,6,4,5,0,0
222,23,Granada,Las Palmas,2024-02-03 15:15:00+00:00,1,1,D,1,0,H,3,16,1,6,6,16,2,9,4,3,1,1
223,23,Deportivo Alaves,Barcelona,2024-02-03 17:30:00+00:00,1,3,A,0,1,A,13,8,2,5,15,10,14,5,2,2,0,1
224,23,Girona,Real Sociedad,2024-02-03 20:00:00+00:00,0,0,D,0,0,D,11,11,3,2,8,19,3,4,2,3,0,0
225,23,Villarreal,Cadiz,2024-02-04 13:00:00+00:00,0,0,D,0,0,D,19,8,4,2,14,14,13,2,3,1,0,0
226,23,Osasuna,Celta Vigo,2024-02-04 15:15:00+00:00,0,3,A,0,2,A,18,6,1,5,10,10,9,1,2,0,0,0
227,23,Real Betis,Getafe,2024-02-04 17:30:00+00:00,1,1,D,1,1,D,9,11,3,2,9,19,3,5,7,4,0,0
228,23,Real Madrid,Atletico Madrid,2024-02-04 20:00:00+00:00,1,1,D,1,0,H,17,10,4,5,6,15,2,8,0,5,0,0
229,23,Rayo Vallecano,Sevilla,2024-02-05 20:00:00+00:00,1,2,A,1,2,A,22,10,5,6,8,10,6,0,2,2,0,0
230,24,Cadiz,Real Betis,2024-02-09 20:00:00+00:00,0,2,A,0,1,A,14,13,5,5,12,10,5,3,1,1,0,0
231,24,Deportivo Alaves,Villarreal,2024-02-10 13:00:00+00:00,1,1,D,1,1,D,17,12,4,4,7,11,10,9,0,2,0,0
232,24,Real Sociedad,Osasuna,2024-02-10 15:15:00+00:00,0,1,A,0,0,D,21,9,3,2,11,11,7,4,0,0,0,0
233,24,Real Madrid,Girona,2024-02-10 17:30:00+00:00,4,0,H,2,0,H,16,5,6,0,9,12,0,2,1,2,0,0
234,24,Las Palmas,Valencia,2024-02-10 20:00:00+00:00,2,0,H,0,0,D,8,7,3,1,9,9,5,0,2,0,0,0
235,24,Getafe,Celta Vigo,2024-02-11 13:00:00+00:00,3,2,H,2,0,H,11,9,4,4,16,13,0,4,1,2,0,0
236,24,Mallorca,Rayo Vallecano,2024-02-11 15:15:00+00:00,2,1,H,0,0,D,8,11,5,4,17,11,5,1,4,0,0,0
237,24,Sevilla,Atletico Madrid,2024-02-11 17:30:00+00:00,1,0,H,1,0,H,10,16,6,5,8,5,2,7,2,1,0,0
238,24,Barcelona,Granada,2024-02-11 20:00:00+00:00,3,3,D,1,1,D,11,11,6,5,13,9,6,2,1,2,0,0
239,24,Almeria,Athletic Club,2024-02-12 20:00:00+00:00,0,0,D,0,0,D,10,12,4,4,17,15,4,10,4,1,1,0
240,25,Villarreal,Getafe,2024-02-16 20:00:00+00:00,1,1,D,0,1,A,20,11,7,2,13,13,8,3,0,1,0,0
241,25,Atletico Madrid,Las Palmas,2024-02-17 13:00:00+00:00,5,0,H,2,0,H,13,11,7,2,19,9,3,5,2,2,0,0
242,25,Osasuna,Cadiz,2024-02-17 15:15:00+00:00,2,0,H,0,0,D,11,5,4,1,20,12,5,4,4,2,0,0
243,25,Celta Vigo,Barcelona,2024-02-17 17:30:00+00:00,1,2,A,0,1,A,13,14,4,4,11,13,2,5,2,4,0,0
244,25,Valencia,Sevilla,2024-02-17 20:00:00+00:00,0,0,D,0,0,D,14,1,4,1,5,8,7,2,0,1,0,0
245,25,Rayo Vallecano,Real Madrid,2024-02-18 13:00:00+00:00,1,1,D,1,1,D,8,11,3,4,17,7,4,10,4,3,0,1
246,25,Granada,Almeria,2024-02-18 15:15:00+00:00,1,1,D,0,1,A,19,13,7,3,13,22,10,4,2,3,0,0
247,25,Mallorca,Real Sociedad,2024-02-18 17:30:00+00:00,1,2,A,1,1,D,4,19,1,5,12,18,3,9,7,5,1,0
248,25,Real Betis,Deportivo Alaves,2024-02-18 20:00:00+00:00,0,0,D,0,0,D,13,13,2,4,13,9,6,8,5,2,0,0
249,25,Athletic Club,Girona,2024-02-19 20:00:00+00:00,3,2,H,1,0,H,14,12,7,6,16,13,3,4,1,2,0,0
250,26,Real Sociedad,Villarreal,2024-02-23 20:00:00+00:00,1,3,A,0,1,A,21,6,8,4,15,14,13,2,3,4,0,0
251,26,Barcelona,Getafe,2024-02-24 15:15:00+00:00,4,0,H,1,0,H,17,10,9,4,12,18,5,8,1,4,0,0
252,26,Deportivo Alaves,Mallorca,2024-02-24 17:30:00+00:00,1,1,D,0,0,D,9,15,1,8,7,15,3,3,0,2,0,0
253,26,Almeria,Atletico Madrid,2024-02-24 20:00:00+00:00,2,2,D,1,1,D,9,18,4,9,13,12,2,7,1,1,0,0
254,26,Cadiz,Celta Vigo,2024-02-25 13:00:00+00:00,2,2,D,0,1,A,19,7,6,3,13,20,9,1,2,3,0,0
255,26,Real Betis,Athletic Club,2024-02-25 15:15:00+00:00,3,1,H,2,1,H,13,3,5,1,14,12,5,3,1,6,0,1
256,26,Las Palmas,Osasuna,2024-02-25 17:30:00+00:00,1,1,D,0,0,D,9,6,3,2,6,15,6,7,2,1,0,0
257,26,Real Madrid,Sevilla,2024-02-25 20:00:00+00:00,1,0,H,0,0,D,16,4,6,1,10,13,7,2,1,3,0,0
258,26,Girona,Rayo Vallecano,2024-02-26 20:00:00+00:00,3,0,H,0,0,D,14,7,8,1,13,16,2,2,3,5,0,1
259,27,Celta Vigo,Almeria,2024-03-01 20:00:00+00:00,1,0,H,0,0,D,15,3,6,0,8,14,7,0,1,2,0,1
260,27,Sevilla,Real Sociedad,2024-03-02 13:00:00+00:00,3,2,H,2,1,H,12,13,5,4,12,15,2,5,1,2,0,0
261,27,Rayo Vallecano,Cadiz,2024-03-02 15:15:00+00:00,1,1,D,0,0,D,9,16,5,5,14,17,4,9,1,1,0,0
262,27,Getafe,Las Palmas,2024-03-02 17:30:00+00:00,3,3,D,3,1,H,16,14,5,5,28,9,4,4,4,1,0,0
263,27,Valencia,Real Madrid,2024-03-02 20:00:00+00:00,2,2,D,2,1,H,12,10,5,5,18,11,2,2,2,3,0,1
264,27,Villarreal,Granada,2024-03-03 13:00:00+00:00,5,1,H,3,0,H,16,9,10,3,12,15,6,4,1,2,0,0
265,27,Atletico Madrid,Real Betis,2024-03-03 15:15:00+00:00,2,1,H,2,0,H,17,12,12,6,9,12,4,6,1,2,0,0
266,27,Mallorca,Girona,2024-03-03 17:30:00+00:00,1,0,H,1,0,H,16,15,2,4,19,9,8,5,5,0,0,0
267,27,Athletic Club,Barcelona,2024-03-03 20:00:00+00:00,0,0,D,0,0,D,8,8,2,2,14,11,4,4,3,3,0,0
268,27,Osasuna,Deportivo Alaves,2024-03-04 20:00:00+00:00,1,0,H,0,0,D,15,10,4,4,15,11,5,5,2,1,0,0
269,28,Barcelona,Mallorca,2024-03-08 20:00:00+00:00,1,0,H,0,0,D,20,9,6,3,9,14,4,1,1,1,0,0
270,28,Valencia,Getafe,2024-03-09 13:00:00+00:00,1,0,H,1,0,H,10,15,3,5,10,19,5,5,2,3,0,0
271,28,Cadiz,Atletico Madrid,2024-03-09 15:15:00+00:00,2,0,H,1,0,H,7,8,3,4,20,15,3,1,4,5,0,0
272,28,Granada,Real Sociedad,2024-03-09 17:30:00+00:00,2,3,A,2,1,H,13,11,6,8,17,11,4,6,1,2,0,0
273,28,Girona,Osasuna,2024-03-09 20:00:00+00:00,2,0,H,1,0,H,11,7,6,1,10,16,5,7,3,3,0,0
274,28,Deportivo Alaves,Rayo Vallecano,2024-03-10 13:00:00+00:00,1,0,H,1,0,H,12,9,4,3,13,10,7,5,2,2,0,0
275,28,Las Palmas,Athletic Club,2024-03-10 15:15:00+00:00,0,2,A,0,1,A,14,7,2,2,8,14,10,3,3,3,0,0
276,28,Real Madrid,Celta Vigo,2024-03-10 17:30:00+00:00,4,0,H,1,0,H,24,11,13,1,8,13,12,1,2,3,0,0
277,28,Real Betis,Villarreal,2024-03-10 20:00:00+00:00,2,3,A,2,1,H,13,6,4,4,12,17,11,4,3,4,1,1
278,28,Almeria,Sevilla,2024-03-11 20:00:00+00:00,2,2,D,1,0,H,14,19,4,6,6,11,1,8,2,2,0,0
279,29,Real Sociedad,Cadiz,2024-03-15 20:00:00+00:00,2,0,H,1,0,H,14,13,6,2,15,6,8,2,3,1,0,0
280,29,Mallorca,Granada,2024-03-16 13:00:00+00:00,1,0,H,0,0,D,18,8,8,3,17,9,10,2,2,0,0,0
281,29,Osasuna,Real Madrid,2024-03-16 15:15:00+00:00,2,4,A,1,2,A,9,17,4,9,18,9,5,7,3,2,0,0
282,29,Getafe,Girona,2024-03-16 17:30:00+00:00,1,0,H,1,0,H,11,13,3,3,16,13,2,5,4,4,0,0
283,29,Athletic Club,Deportivo Alaves,2024-03-16 20:00:00+00:00,2,0,H,2,0,H,16,7,4,3,7,13,5,4,1,3,0,0
284,29,Sevilla,Celta Vigo,2024-03-17 13:00:00+00:00,1,2,A,1,0,H,11,18,4,5,13,6,3,8,4,0,0,0
285,29,Las Palmas,Almeria,2024-03-17 15:15:00+00:00,0,1,A,0,1,A,21,3,6,2,8,17,11,3,2,2,0,0
286,29,Villarreal,Valencia,2024-03-17 15:15:00+00:00,1,0,H,0,0,D,13,14,7,7,12,12,6,2,5,1,0,0
287,29,Rayo Vallecano,Real Betis,2024-03-17 17:30:00+00:00,2,0,H,1,0,H,8,11,4,1,22,16,4,8,4,4,0,0
288,29,Atletico Madrid,Barcelona,2024-03-17 20:00:00+00:00,0,3,A,0,1,A,12,9,3,5,15,9,7,3,3,1,1,0
289,30,Cadiz,Granada,2024-03-29 20:00:00+00:00,1,0,H,0,0,D,13,10,5,2,17,14,5,2,2,4,0,0
290,30,Getafe,Sevilla,2024-03-30 13:00:00+00:00,0,1,A,0,1,A,18,10,5,3,11,15,7,3,4,5,0,0
291,30,Almeria,Osasuna,2024-03-30 15:15:00+00:00,0,3,A,0,2,A,12,6,5,4,12,14,6,1,3,2,0,0
292,30,Valencia,Mallorca,2024-03-30 17:30:00+00:00,0,0,D,0,0,D,14,11,5,3,8,11,3,3,0,2,0,0
293,30,Barcelona,Las Palmas,2024-03-30 20:00:00+00:00,1,0,H,0,0,D,14,8,2,0,11,9,6,1,5,1,0,1
294,30,Celta Vigo,Rayo Vallecano,2024-03-31 12:00:00+00:00,0,0,D,0,0,D,13,8,0,2,12,16,3,2,3,3,0,0
295,30,Girona,Real Betis,2024-03-31 14:15:00+00:00,3,2,H,1,1,D,9,7,5,4,13,14,5,4,3,4,0,0
296,30,Deportivo Alaves,Real Sociedad,2024-03-31 16:30:00+00:00,0,1,A,0,0,D,3,12,0,3,10,15,3,8,2,2,0,0
297,30,Real Madrid,Athletic Club,2024-03-31 19:00:00+00:00,2,0,H,1,0,H,9,7,4,3,9,13,4,7,2,1,0,0
298,30,Villarreal,Atletico Madrid,2024-04-01 19:00:00+00:00,1,2,A,0,1,A,11,14,2,8,14,22,3,3,3,3,0,0
299,26,Granada,Valencia,2024-04-04 18:00:00+00:00,0,1,A,0,0,D,13,6,3,2,20,15,5,4,3,1,0,0
300,31,Real Betis,Celta Vigo,2024-04-12 19:00:00+00:00,2,1,H,0,0,D,15,12,3,5,7,10,6,5,1,0,0,0
301,31,Atletico Madrid,Girona,2024-04-13 12:00:00+00:00,3,1,H,2,1,H,17,12,4,5,18,12,2,0,3,2,0,0
302,31,Rayo Vallecano,Getafe,2024-04-13 14:15:00+00:00,0,0,D,0,0,D,11,7,2,0,17,19,3,0,4,6,0,0
303,31,Mallorca,Real Madrid,2024-04-13 16:30:00+00:00,0,1,A,0,0,D,6,16,2,9,18,7,4,2,2,1,0,0
304,31,Cadiz,Barcelona,2024-04-13 19:00:00+00:00,0,1,A,0,1,A,14,12,3,2,17,15,8,4,3,3,0,0
305,31,Las Palmas,Sevilla,2024-04-14 12:00:00+00:00,0,2,A,0,1,A,5,10,2,3,8,13,6,2,3,3,1,0
306,31,Granada,Deportivo Alaves,2024-04-14 14:15:00+00:00,2,0,H,2,0,H,9,8,3,3,16,11,1,5,3,2,0,0
307,31,Athletic Club,Villarreal,2024-04-14 16:30:00+00:00,1,1,D,0,0,D,13,10,6,2,13,12,3,1,3,3,0,1
308,31,Real Sociedad,Almeria,2024-04-14 19:00:00+00:00,2,2,D,1,1,D,17,7,4,3,16,8,5,1,2,2,1,0
309,31,Osasuna,Valencia,2024-04-15 19:00:00+00:00,0,1,A,0,1,A,13,4,2,3,10,10,4,1,0,2,0,0
310,32,Athletic Club,Granada,2024-04-19 19:00:00+00:00,1,1,D,1,1,D,17,5,6,0,11,15,11,4,4,2,0,0
311,32,Celta Vigo,Las Palmas,2024-04-20 12:00:00+00:00,4,1,H,2,1,H,21,9,13,4,10,9,8,4,1,0,0,0
312,32,Rayo Vallecano,Osasuna,2024-04-20 14:15:00+00:00,2,1,H,0,1,A,17,6,6,2,9,15,5,1,4,1,0,0
313,32,Valencia,Real Betis,2024-04-20 16:30:00+00:00,1,2,A,0,1,A,8,12,5,6,18,10,7,6,2,3,0,0
314,32,Girona,Cadiz,2024-04-20 19:00:00+00:00,4,1,H,2,0,H,10,12,5,5,11,14,2,4,1,2,0,0
315,32,Getafe,Real Sociedad,2024-04-21 12:00:00+00:00,1,1,D,1,1,D,6,7,4,3,12,18,0,4,0,2,0,0
316,32,Almeria,Villarreal,2024-04-21 14:15:00+00:00,1,2,A,1,1,D,24,11,5,3,10,16,5,2,3,4,1,0
317,32,Deportivo Alaves,Atletico Madrid,2024-04-21 16:30:00+00:00,2,0,H,1,0,H,8,15,3,4,20,12,1,11,5,3,0,0
318,32,Real Madrid,Barcelona,2024-04-21 19:00:00+00:00,3,2,H,1,1,D,14,14,8,6,11,12,2,8,3,2,0,0
319,32,Sevilla,Mallorca,2024-04-22 19:00:00+00:00,2,1,H,0,0,D,11,8,4,6,10,8,4,4,0,2,0,0
320,33,Real Sociedad,Real Madrid,2024-04-26 19:00:00+00:00,0,1,A,0,1,A,9,5,3,3,13,11,11,3,3,4,0,0
321,33,Las Palmas,Girona,2024-04-27 12:00:00+00:00,0,2,A,0,1,A,10,6,5,3,12,10,4,2,1,3,0,0
322,33,Almeria,Getafe,2024-04-27 14:15:00+00:00,1,3,A,1,1,D,21,8,11,5,15,31,9,2,5,4,1,0
323,33,Deportivo Alaves,Celta Vigo,2024-04-27 16:30:00+00:00,3,0,H,0,0,D,16,4,8,0,10,9,8,3,3,3,0,0
324,33,Atletico Madrid,Athletic Club,2024-04-27 19:00:00+00:00,3,1,H,1,1,D,8,7,3,1,16,15,3,5,3,2,0,0
325,33,Cadiz,Mallorca,2024-04-28 12:00:00+00:00,1,1,D,0,1,A,10,9,2,2,14,21,3,1,3,2,0,0
326,33,Granada,Osasuna,2024-04-28 14:15:00+00:00,3,0,H,1,0,H,12,11,4,2,17,5,0,6,4,0,0,0
327,33,Villarreal,Rayo Vallecano,2024-04-28 16:30:00+00:00,3,0,H,1,0,H,15,20,7,4,15,8,3,6,2,1,0,0
328,33,Real Betis,Sevilla,2024-04-28 19:00:00+00:00,1,1,D,1,0,H,15,10,5,1,9,20,4,6,3,5,0,0
329,33,Barcelona,Valencia,2024-04-29 19:00:00+00:00,4,2,H,1,2,A,27,5,13,3,12,5,15,1,1,0,0,1
330,34,Getafe,Athletic Club,2024-05-03 19:00:00+00:00,0,2,A,0,1,A,34,7,9,2,6,9,10,6,0,2,0,2
331,34,Real Sociedad,Las Palmas,2024-05-04 12:00:00+00:00,2,0,H,2,0,H,9,7,4,1,12,11,7,2,2,1,0,0
332,34,Real Madrid,Cadiz,2024-05-04 14:15:00+00:00,3,0,H,0,0,D,19,7,9,2,6,12,7,4,0,1,0,0
333,34,Girona,Barcelona,2024-05-04 16:30:00+00:00,4,2,H,1,2,A,9,16,7,7,11,8,5,4,0,3,0,0
334,34,Mallorca,Atletico Madrid,2024-05-04 19:00:00+00:00,0,1,A,0,1,A,7,9,4,4,12,7,6,2,2,0,0,0
335,34,Osasuna,Real Betis,2024-05-05 12:00:00+00:00,0,2,A,0,2,A,12,10,2,4,13,13,8,5,2,2,1,0
336,34,Celta Vigo,Villarreal,2024-05-05 14:15:00+00:00,3,2,H,2,1,H,23,11,7,3,11,5,2,1,4,0,0,1
337,34,Valencia,Deportivo Alaves,2024-05-05 16:30:00+00:00,0,1,A,0,0,D,13,14,1,4,9,17,5,7,1,3,0,0
338,34,Rayo Vallecano,Almeria,2024-05-05 19:00:00+00:00,3,0,H,1,0,H,11,8,5,3,15,13,5,4,2,2,0,0
339,34,Sevilla,Granada,2024-05-05 19:00:00+00:00,0,1,A,0,1,A,27,7,10,2,17,15,9,2,3,2,0,0
340,35,Deportivo Alaves,Girona,2024-05-10 19:00:00+00:00,2,2,D,1,2,A,14,15,8,5,13,6,5,3,3,2,0,0
341,35,Mallorca,Las Palmas,2024-05-11 12:00:00+00:00,1,0,H,1,0,H,7,7,2,1,18,10,2,2,6,2,0,0
342,35,Villarreal,Sevilla,2024-05-11 14:15:00+00:00,3,2,H,1,2,A,25,8,7,4,12,14,10,1,3,5,0,0
343,35,Granada,Real Madrid,2024-05-11 16:30:00+00:00,0,4,A,0,2,A,12,13,1,7,11,10,8,5,2,0,0,0
344,35,Athletic Club,Osasuna,2024-05-11 19:00:00+00:00,2,2,D,0,1,A,15,13,6,3,9,14,8,6,2,4,0,0
345,35,Cadiz,Getafe,2024-05-12 12:00:00+00:00,1,0,H,1,0,H,13,10,6,4,23,16,6,2,5,2,0,0
346,35,Atletico Madrid,Celta Vigo,2024-05-12 14:15:00+00:00,1,0,H,0,0,D,21,6,8,2,7,9,4,7,1,1,0,0
347,35,Valencia,Rayo Vallecano,2024-05-12 16:30:00+00:00,0,0,D,0,0,D,13,12,5,1,14,21,6,3,1,2,0,0
348,35,Real Betis,Almeria,2024-05-12 19:00:00+00:00,3,2,H,2,1,H,14,14,7,7,9,10,3,5,0,2,0,0
349,35,Barcelona,Real Sociedad,2024-05-13 19:00:00+00:00,2,0,H,1,0,H,14,10,5,3,12,14,6,2,2,3,0,0
350,36,Osasuna,Mallorca,2024-05-14 17:30:00+00:00,1,1,D,1,0,H,10,10,4,4,12,11,2,4,0,1,0,0
351,36,Real Madrid,Deportivo Alaves,2024-05-14 19:30:00+00:00,5,0,H,3,0,H,22,18,11,10,6,12,4,1,1,1,0,0
352,36,Girona,Villarreal,2024-05-14 20:00:00+00:00,0,1,A,0,0,D,22,11,5,3,3,14,5,1,1,5,0,1
353,36,Rayo Vallecano,Granada,2024-05-15 17:30:00+00:00,0,1,A,0,0,D,14,19,3,7,13,11,1,9,6,2,0,0
354,36,Sevilla,Cadiz,2024-05-15 17:30:00+00:00,2,1,H,1,0,H,18,10,9,1,12,17,6,6,4,3,1,0
356,36,Getafe,Atletico Madrid,2024-05-15 20:00:00+00:00,0,3,A,0,2,A,8,7,3,3,17,7,6,3,4,3,0,0
355,36,Celta Vigo,Athletic Club,2024-05-15 20:00:00+00:00,2,1,H,0,1,A,10,7,4,2,15,14,2,3,2,0,0,0
357,36,Las Palmas,Real Betis,2024-05-16 17:30:00+00:00,2,2,D,1,1,D,16,6,9,4,9,12,4,8,2,1,0,0
358,36,Almeria,Barcelona,2024-05-16 19:30:00+00:00,0,2,A,0,1,A,12,16,3,7,9,11,4,7,0,1,0,0
359,36,Real Sociedad,Valencia,2024-05-16 20:00:00+00:00,1,0,H,1,0,H,10,7,5,3,11,13,3,3,0,2,0,0
360,37,Deportivo Alaves,Getafe,2024-05-18 19:00:00+00:00,1,0,H,1,0,H,9,10,2,4,13,27,2,1,5,7,0,1
367,37,Real Betis,Real Sociedad,2024-05-19 17:00:00+00:00,2,2,D,1,1,D,29,7,8,3,9,9,12,2,2,3,0,0
369,37,Villarreal,Real Madrid,2024-05-19 17:00:00+00:00,4,4,D,1,4,A,21,12,7,6,15,12,3,3,3,2,0,0
368,37,Valencia,Girona,2024-05-19 17:00:00+00:00,1,3,A,0,1,A,20,18,6,5,10,8,5,4,2,0,0,0
365,37,Granada,Celta Vigo,2024-05-19 17:00:00+00:00,0,0,D,0,0,D,10,9,3,1,13,12,5,3,3,1,1,0
366,37,Mallorca,Almeria,2024-05-19 17:00:00+00:00,1,2,A,0,0,D,11,8,3,5,15,12,10,2,2,1,0,0
363,37,Barcelona,Rayo Vallecano,2024-05-19 17:00:00+00:00,3,0,H,1,0,H,14,15,6,4,10,7,7,5,4,2,0,0
362,37,Atletico Madrid,Osasuna,2024-05-19 17:00:00+00:00,1,4,A,0,1,A,15,15,2,6,12,9,7,5,2,2,0,0
361,37,Athletic Club,Sevilla,2024-05-19 17:00:00+00:00,2,0,H,2,0,H,15,9,6,4,12,5,8,3,1,1,0,0
364,37,Cadiz,Las Palmas,2024-05-19 17:00:00+00:00,0,2,A,0,2,A,18,5,9,2,12,18,6,2,3,4,0,0
370,38,Girona,Granada,2024-05-24 19:00:00+00:00,7,0,H,3,0,H,16,10,9,2,6,13,4,2,3,5,0,1
371,38,Osasuna,Villarreal,2024-05-25 12:00:00+00:00,1,1,D,1,0,H,12,11,6,3,13,6,6,4,4,3,0,0
372,38,Real Sociedad,Atletico Madrid,2024-05-25 14:15:00+00:00,0,2,A,0,1,A,14,10,4,4,19,15,8,4,3,5,0,1
373,38,Almeria,Cadiz,2024-05-25 16:30:00+00:00,6,1,H,0,1,A,27,12,12,4,4,9,1,4,2,2,0,0
374,38,Rayo Vallecano,Athletic Club,2024-05-25 16:30:00+00:00,0,1,A,0,0,D,17,7,4,1,6,13,8,2,1,1,0,0
375,38,Real Madrid,Real Betis,2024-05-25 19:00:00+00:00,0,0,D,0,0,D,13,11,5,3,8,11,4,5,2,1,0,0
376,38,Getafe,Mallorca,2024-05-26 12:00:00+00:00,1,2,A,0,0,D,16,9,6,4,12,10,3,4,0,2,0,0
378,38,Las Palmas,Deportivo Alaves,2024-05-26 14:15:00+00:00,1,1,D,0,0,D,10,14,4,4,16,10,2,6,2,1,0,0
377,38,Celta Vigo,Valencia,2024-05-26 14:15:00+00:00,2,2,D,0,1,A,9,12,4,1,17,18,2,2,0,0,0,0
379,38,Sevilla,Barcelona,2024-05-26 19:05:00+00:00,1,2,A,1,1,D,15,11,6,6,11,9,6,5,2,1,0,0
